Spimy | officialspimy@gmail.com
William | williamlaw.3001@gmail.com
Zhongli | zhongli@gmail.com
Ayaka | ayaka@gmail.com
Hu Tao | hutao@gmail.com
Shenhe | shenhe@gmail.com
Yunjin | yunjin@gmail.com
